Epoch, Total Squared Error
0,0.673153
1,0.65626
2,0.639597
3,0.623245
4,0.607273
5,0.59174
6,0.576697
7,0.56218
8,0.548217
9,0.534823
10,0.522007
11,0.509768
12,0.498099
13,0.486987
14,0.476415
15,0.466365
16,0.456815
17,0.447742
18,0.439122
19,0.430932
20,0.423148
21,0.415747
22,0.408708
23,0.402009
24,0.39563
25,0.389552
26,0.383757
27,0.378228
28,0.372949
29,0.367905
30,0.363082
31,0.358467
32,0.354048
33,0.349813
34,0.345753
35,0.341856
36,0.338115
37,0.33452
38,0.331063
39,0.327737
40,0.324535
41,0.32145
42,0.318476
43,0.315608
44,0.31284
45,0.310168
46,0.307585
47,0.30509
48,0.302676
49,0.30034
50,0.298078
51,0.295888
52,0.293766
53,0.291708
54,0.289713
55,0.287776
56,0.285897
57,0.284071
58,0.282298
59,0.280575
60,0.278899
61,0.277269
62,0.275684
63,0.27414
64,0.272638
65,0.271175
66,0.269749
67,0.268359
68,0.267005
69,0.265684
70,0.264395
71,0.263138
72,0.26191
73,0.260712
74,0.259542
75,0.258399
76,0.257283
77,0.256191
78,0.255124
79,0.254081
80,0.253061
81,0.252063
82,0.251086
83,0.25013
84,0.249194
85,0.248278
86,0.247381
87,0.246502
88,0.245641
89,0.244797
90,0.24397
91,0.243159
92,0.242364
93,0.241584
94,0.24082
95,0.24007
96,0.239334
97,0.238611
98,0.237902
99,0.237206
100,0.236523
101,0.235852
102,0.235193
103,0.234546
104,0.23391
105,0.233285
106,0.23267
107,0.232067
108,0.231473
109,0.23089
110,0.230316
111,0.229752
112,0.229197
113,0.228651
114,0.228114
115,0.227586
116,0.227066
117,0.226555
118,0.226051
119,0.225555
120,0.225067
121,0.224587
122,0.224113
123,0.223647
124,0.223188
125,0.222736
126,0.22229
127,0.221851
128,0.221419
129,0.220993
130,0.220573
131,0.220158
132,0.21975
133,0.219348
134,0.218951
135,0.21856
136,0.218174
137,0.217794
138,0.217418
139,0.217048
140,0.216683
141,0.216323
142,0.215967
143,0.215616
144,0.21527
145,0.214929
146,0.214591
147,0.214259
148,0.21393
149,0.213606
150,0.213286
151,0.212969
152,0.212657
153,0.212349
154,0.212044
155,0.211744
156,0.211447
157,0.211153
158,0.210863
159,0.210577
160,0.210294
161,0.210014
162,0.209738
163,0.209465
164,0.209195
165,0.208928
166,0.208665
167,0.208404
168,0.208147
169,0.207892
170,0.20764
171,0.207392
172,0.207145
173,0.206902
174,0.206661
175,0.206423
176,0.206188
177,0.205955
178,0.205725
179,0.205497
180,0.205272
181,0.205049
182,0.204828
183,0.20461
184,0.204394
185,0.204181
186,0.203969
187,0.20376
188,0.203553
189,0.203348
190,0.203146
191,0.202945
192,0.202746
193,0.202549
194,0.202355
195,0.202162
196,0.201971
197,0.201782
198,0.201595
199,0.20141
200,0.201227
201,0.201045
202,0.200865
203,0.200687
204,0.200511
205,0.200336
206,0.200163
207,0.199991
208,0.199822
209,0.199653
210,0.199487
211,0.199322
212,0.199158
213,0.198996
214,0.198836
215,0.198676
216,0.198519
217,0.198363
218,0.198208
219,0.198055
220,0.197903
221,0.197752
222,0.197603
223,0.197455
224,0.197308
225,0.197162
226,0.197018
227,0.196875
228,0.196734
229,0.196593
230,0.196454
231,0.196316
232,0.196179
233,0.196044
234,0.195909
235,0.195776
236,0.195644
237,0.195513
238,0.195382
239,0.195254
240,0.195126
241,0.194999
242,0.194873
243,0.194748
244,0.194624
245,0.194502
246,0.19438
247,0.194259
248,0.194139
249,0.19402
250,0.193903
251,0.193786
252,0.19367
253,0.193554
254,0.19344
255,0.193327
256,0.193214
257,0.193103
258,0.192992
259,0.192882
260,0.192773
261,0.192665
262,0.192558
263,0.192451
264,0.192346
265,0.192241
266,0.192137
267,0.192033
268,0.191931
269,0.191829
270,0.191728
271,0.191627
272,0.191528
273,0.191429
274,0.191331
275,0.191234
276,0.191137
277,0.191041
278,0.190946
279,0.190851
280,0.190757
281,0.190664
282,0.190571
283,0.190479
284,0.190388
285,0.190297
286,0.190207
287,0.190118
288,0.190029
289,0.189941
290,0.189854
291,0.189767
292,0.18968
293,0.189595
294,0.18951
295,0.189425
296,0.189341
297,0.189258
298,0.189175
299,0.189093
300,0.189011
301,0.18893
302,0.188849
303,0.188769
304,0.188689
305,0.18861
306,0.188532
307,0.188454
308,0.188376
309,0.1883
310,0.188223
311,0.188147
312,0.188072
313,0.187997
314,0.187922
315,0.187848
316,0.187775
317,0.187702
318,0.187629
319,0.187557
320,0.187485
321,0.187414
322,0.187343
323,0.187273
324,0.187203
325,0.187133
326,0.187064
327,0.186996
328,0.186928
329,0.18686
330,0.186792
331,0.186726
332,0.186659
333,0.186593
334,0.186527
335,0.186462
336,0.186397
337,0.186332
338,0.186268
339,0.186205
340,0.186141
341,0.186078
342,0.186016
343,0.185953
344,0.185891
345,0.18583
346,0.185769
347,0.185708
348,0.185648
349,0.185588
350,0.185528
351,0.185468
352,0.185409
353,0.185351
354,0.185292
355,0.185234
356,0.185177
357,0.185119
358,0.185062
359,0.185006
360,0.184949
361,0.184893
362,0.184837
363,0.184782
364,0.184727
365,0.184672
366,0.184618
367,0.184563
368,0.18451
369,0.184456
370,0.184403
371,0.18435
372,0.184297
373,0.184244
374,0.184192
375,0.18414
376,0.184089
377,0.184038
378,0.183987
379,0.183936
380,0.183885
381,0.183835
382,0.183785
383,0.183736
384,0.183686
385,0.183637
386,0.183588
387,0.18354
388,0.183491
389,0.183443
390,0.183395
391,0.183348
392,0.1833
393,0.183253
394,0.183207
395,0.18316
396,0.183114
397,0.183067
398,0.183022
399,0.182976
400,0.182931
401,0.182885
402,0.18284
403,0.182796
404,0.182751
405,0.182707
406,0.182663
407,0.182619
408,0.182575
409,0.182532
410,0.182489
411,0.182446
412,0.182403
413,0.182361
414,0.182318
415,0.182276
416,0.182235
417,0.182193
418,0.182151
419,0.18211
420,0.182069
421,0.182028
422,0.181988
423,0.181947
424,0.181907
425,0.181867
426,0.181827
427,0.181787
428,0.181748
429,0.181708
430,0.181669
431,0.18163
432,0.181592
433,0.181553
434,0.181515
435,0.181476
436,0.181438
437,0.181401
438,0.181363
439,0.181326
440,0.181288
441,0.181251
442,0.181214
443,0.181177
444,0.181141
445,0.181104
446,0.181068
447,0.181032
448,0.180996
449,0.18096
450,0.180925
451,0.180889
452,0.180854
453,0.180819
454,0.180784
455,0.180749
456,0.180715
457,0.18068
458,0.180646
459,0.180612
460,0.180578
461,0.180544
462,0.18051
463,0.180476
464,0.180443
465,0.18041
466,0.180377
467,0.180344
468,0.180311
469,0.180278
470,0.180246
471,0.180213
472,0.180181
473,0.180149
474,0.180117
475,0.180085
476,0.180053
477,0.180022
478,0.179991
479,0.179959
480,0.179928
481,0.179897
482,0.179866
483,0.179836
484,0.179805
485,0.179774
486,0.179744
487,0.179714
488,0.179684
489,0.179654
490,0.179624
491,0.179594
492,0.179565
493,0.179535
494,0.179506
495,0.179477
496,0.179448
497,0.179419
498,0.17939
499,0.179361
500,0.179333
501,0.179304
502,0.179276
503,0.179248
504,0.179219
505,0.179191
506,0.179163
507,0.179136
508,0.179108
509,0.17908
510,0.179053
511,0.179026
512,0.178998
513,0.178971
514,0.178944
515,0.178917
516,0.178891
517,0.178864
518,0.178837
519,0.178811
520,0.178785
521,0.178758
522,0.178732
523,0.178706
524,0.17868
525,0.178654
526,0.178629
527,0.178603
528,0.178578
529,0.178552
530,0.178527
531,0.178502
532,0.178476
533,0.178451
534,0.178427
535,0.178402
536,0.178377
537,0.178352
538,0.178328
539,0.178303
540,0.178279
541,0.178255
542,0.178231
543,0.178206
544,0.178183
545,0.178159
546,0.178135
547,0.178111
548,0.178088
549,0.178064
550,0.178041
551,0.178017
552,0.177994
553,0.177971
554,0.177948
555,0.177925
556,0.177902
557,0.177879
558,0.177856
559,0.177834
560,0.177811
561,0.177789
562,0.177766
563,0.177744
564,0.177722
565,0.177699
566,0.177677
567,0.177655
568,0.177633
569,0.177612
570,0.17759
571,0.177568
572,0.177547
573,0.177525
574,0.177504
575,0.177482
576,0.177461
577,0.17744
578,0.177419
579,0.177398
580,0.177377
581,0.177356
582,0.177335
583,0.177314
584,0.177294
585,0.177273
586,0.177252
587,0.177232
588,0.177212
589,0.177191
590,0.177171
591,0.177151
592,0.177131
593,0.177111
594,0.177091
595,0.177071
596,0.177051
597,0.177032
598,0.177012
599,0.176992
600,0.176973
601,0.176953
602,0.176934
603,0.176915
604,0.176895
605,0.176876
606,0.176857
607,0.176838
608,0.176819
609,0.1768
610,0.176781
611,0.176762
612,0.176744
613,0.176725
614,0.176706
615,0.176688
616,0.176669
617,0.176651
618,0.176633
619,0.176614
620,0.176596
621,0.176578
622,0.17656
623,0.176542
624,0.176524
625,0.176506
626,0.176488
627,0.17647
628,0.176452
629,0.176435
630,0.176417
631,0.1764
632,0.176382
633,0.176365
634,0.176347
635,0.17633
636,0.176313
637,0.176295
638,0.176278
639,0.176261
640,0.176244
641,0.176227
642,0.17621
643,0.176193
644,0.176176
645,0.17616
646,0.176143
647,0.176126
648,0.17611
649,0.176093
650,0.176077
651,0.17606
652,0.176044
653,0.176027
654,0.176011
655,0.175995
656,0.175979
657,0.175963
658,0.175946
659,0.17593
660,0.175914
661,0.175899
662,0.175883
663,0.175867
664,0.175851
665,0.175835
666,0.17582
667,0.175804
668,0.175788
669,0.175773
670,0.175757
671,0.175742
672,0.175727
673,0.175711
674,0.175696
675,0.175681
676,0.175666
677,0.17565
678,0.175635
679,0.17562
680,0.175605
681,0.17559
682,0.175575
683,0.175561
684,0.175546
685,0.175531
686,0.175516
687,0.175502
688,0.175487
689,0.175472
690,0.175458
691,0.175443
692,0.175429
693,0.175414
694,0.1754
695,0.175386
696,0.175371
697,0.175357
698,0.175343
699,0.175329
700,0.175315
701,0.175301
702,0.175287
703,0.175273
704,0.175259
705,0.175245
706,0.175231
707,0.175217
708,0.175203
709,0.17519
710,0.175176
711,0.175162
712,0.175149
713,0.175135
714,0.175122
715,0.175108
716,0.175095
717,0.175081
718,0.175068
719,0.175054
720,0.175041
721,0.175028
722,0.175015
723,0.175001
724,0.174988
725,0.174975
726,0.174962
727,0.174949
728,0.174936
729,0.174923
730,0.17491
731,0.174897
732,0.174885
733,0.174872
734,0.174859
735,0.174846
736,0.174834
737,0.174821
738,0.174808
739,0.174796
740,0.174783
741,0.174771
742,0.174758
743,0.174746
744,0.174733
745,0.174721
746,0.174709
747,0.174696
748,0.174684
749,0.174672
750,0.17466
751,0.174647
752,0.174635
753,0.174623
754,0.174611
755,0.174599
756,0.174587
757,0.174575
758,0.174563
759,0.174551
760,0.17454
761,0.174528
762,0.174516
763,0.174504
764,0.174492
765,0.174481
766,0.174469
767,0.174457
768,0.174446
769,0.174434
770,0.174423
771,0.174411
772,0.1744
773,0.174388
774,0.174377
775,0.174366
776,0.174354
777,0.174343
778,0.174332
779,0.17432
780,0.174309
781,0.174298
782,0.174287
783,0.174276
784,0.174265
785,0.174253
786,0.174242
787,0.174231
788,0.17422
789,0.17421
790,0.174199
791,0.174188
792,0.174177
793,0.174166
794,0.174155
795,0.174144
796,0.174134
797,0.174123
798,0.174112
799,0.174102
800,0.174091
801,0.17408
802,0.17407
803,0.174059
804,0.174049
805,0.174038
806,0.174028
807,0.174017
808,0.174007
809,0.173996
810,0.173986
811,0.173976
812,0.173965
813,0.173955
814,0.173945
815,0.173935
816,0.173925
817,0.173914
818,0.173904
819,0.173894
820,0.173884
821,0.173874
822,0.173864
823,0.173854
824,0.173844
825,0.173834
826,0.173824
827,0.173814
828,0.173804
829,0.173794
830,0.173784
831,0.173775
832,0.173765
833,0.173755
834,0.173745
835,0.173736
836,0.173726
837,0.173716
838,0.173707
839,0.173697
840,0.173687
841,0.173678
842,0.173668
843,0.173659
844,0.173649
845,0.17364
846,0.17363
847,0.173621
848,0.173612
849,0.173602
850,0.173593
851,0.173584
852,0.173574
853,0.173565
854,0.173556
855,0.173546
856,0.173537
857,0.173528
858,0.173519
859,0.17351
860,0.173501
861,0.173492
862,0.173482
863,0.173473
864,0.173464
865,0.173455
866,0.173446
867,0.173437
868,0.173428
869,0.17342
870,0.173411
871,0.173402
872,0.173393
873,0.173384
874,0.173375
875,0.173366
876,0.173358
877,0.173349
878,0.17334
879,0.173332
880,0.173323
881,0.173314
882,0.173306
883,0.173297
884,0.173288
885,0.17328
886,0.173271
887,0.173263
888,0.173254
889,0.173246
890,0.173237
891,0.173229
892,0.17322
893,0.173212
894,0.173203
895,0.173195
896,0.173187
897,0.173178
898,0.17317
899,0.173162
900,0.173153
901,0.173145
902,0.173137
903,0.173129
904,0.173121
905,0.173112
906,0.173104
907,0.173096
908,0.173088
909,0.17308
910,0.173072
911,0.173064
912,0.173056
913,0.173048
914,0.17304
915,0.173032
916,0.173024
917,0.173016
918,0.173008
919,0.173
920,0.172992
921,0.172984
922,0.172976
923,0.172968
924,0.17296
925,0.172953
926,0.172945
927,0.172937
928,0.172929
929,0.172922
930,0.172914
931,0.172906
932,0.172898
933,0.172891
934,0.172883
935,0.172876
936,0.172868
937,0.17286
938,0.172853
939,0.172845
940,0.172838
941,0.17283
942,0.172823
943,0.172815
944,0.172808
945,0.1728
946,0.172793
947,0.172785
948,0.172778
949,0.17277
950,0.172763
951,0.172756
952,0.172748
953,0.172741
954,0.172734
955,0.172726
956,0.172719
957,0.172712
958,0.172705
959,0.172697
960,0.17269
961,0.172683
962,0.172676
963,0.172669
964,0.172661
965,0.172654
966,0.172647
967,0.17264
968,0.172633
969,0.172626
970,0.172619
971,0.172612
972,0.172605
973,0.172598
974,0.172591
975,0.172584
976,0.172577
977,0.17257
978,0.172563
979,0.172556
980,0.172549
981,0.172542
982,0.172535
983,0.172529
984,0.172522
985,0.172515
986,0.172508
987,0.172501
988,0.172494
989,0.172488
990,0.172481
991,0.172474
992,0.172467
993,0.172461
994,0.172454
995,0.172447
996,0.172441
997,0.172434
998,0.172427
999,0.172421
1000,0.172414
1001,0.172408
1002,0.172401
1003,0.172394
1004,0.172388
1005,0.172381
1006,0.172375
1007,0.172368
1008,0.172362
1009,0.172355
1010,0.172349
1011,0.172342
1012,0.172336
1013,0.172329
1014,0.172323
1015,0.172317
1016,0.17231
1017,0.172304
1018,0.172297
1019,0.172291
1020,0.172285
1021,0.172278
1022,0.172272
1023,0.172266
1024,0.17226
1025,0.172253
1026,0.172247
1027,0.172241
1028,0.172235
1029,0.172228
1030,0.172222
1031,0.172216
1032,0.17221
1033,0.172204
1034,0.172197
1035,0.172191
1036,0.172185
1037,0.172179
1038,0.172173
1039,0.172167
1040,0.172161
1041,0.172155
1042,0.172149
1043,0.172143
1044,0.172136
1045,0.17213
1046,0.172124
1047,0.172118
1048,0.172112
1049,0.172107
1050,0.172101
1051,0.172095
1052,0.172089
1053,0.172083
1054,0.172077
1055,0.172071
1056,0.172065
1057,0.172059
1058,0.172053
1059,0.172047
1060,0.172042
1061,0.172036
1062,0.17203
1063,0.172024
1064,0.172018
1065,0.172013
1066,0.172007
1067,0.172001
1068,0.171995
1069,0.17199
1070,0.171984
1071,0.171978
1072,0.171972
1073,0.171967
1074,0.171961
1075,0.171955
1076,0.17195
1077,0.171944
1078,0.171939
1079,0.171933
1080,0.171927
1081,0.171922
1082,0.171916
1083,0.171911
1084,0.171905
1085,0.171899
1086,0.171894
1087,0.171888
1088,0.171883
1089,0.171877
1090,0.171872
1091,0.171866
1092,0.171861
1093,0.171855
1094,0.17185
1095,0.171844
1096,0.171839
1097,0.171834
1098,0.171828
1099,0.171823
1100,0.171817
1101,0.171812
1102,0.171807
1103,0.171801
1104,0.171796
1105,0.171791
1106,0.171785
1107,0.17178
1108,0.171775
1109,0.171769
1110,0.171764
1111,0.171759
1112,0.171753
1113,0.171748
1114,0.171743
1115,0.171738
1116,0.171732
1117,0.171727
1118,0.171722
1119,0.171717
1120,0.171712
1121,0.171706
1122,0.171701
1123,0.171696
1124,0.171691
1125,0.171686
1126,0.171681
1127,0.171676
1128,0.17167
1129,0.171665
1130,0.17166
1131,0.171655
1132,0.17165
1133,0.171645
1134,0.17164
1135,0.171635
1136,0.17163
1137,0.171625
1138,0.17162
1139,0.171615
1140,0.17161
1141,0.171605
1142,0.1716
1143,0.171595
1144,0.17159
1145,0.171585
1146,0.17158
1147,0.171575
1148,0.17157
1149,0.171565
1150,0.17156
1151,0.171555
1152,0.171551
1153,0.171546
1154,0.171541
1155,0.171536
1156,0.171531
1157,0.171526
1158,0.171521
1159,0.171517
1160,0.171512
1161,0.171507
1162,0.171502
1163,0.171497
1164,0.171493
1165,0.171488
1166,0.171483
1167,0.171478
1168,0.171474
1169,0.171469
1170,0.171464
1171,0.171459
1172,0.171455
1173,0.17145
1174,0.171445
1175,0.171441
1176,0.171436
1177,0.171431
1178,0.171427
1179,0.171422
1180,0.171417
1181,0.171413
1182,0.171408
1183,0.171403
1184,0.171399
1185,0.171394
1186,0.17139
1187,0.171385
1188,0.171381
1189,0.171376
1190,0.171371
1191,0.171367
1192,0.171362
1193,0.171358
1194,0.171353
1195,0.171349
1196,0.171344
1197,0.17134
1198,0.171335
1199,0.171331
1200,0.171326
1201,0.171322
1202,0.171317
1203,0.171313
1204,0.171308
1205,0.171304
1206,0.1713
1207,0.171295
1208,0.171291
1209,0.171286
1210,0.171282
1211,0.171278
1212,0.171273
1213,0.171269
1214,0.171264
1215,0.17126
1216,0.171256
1217,0.171251
1218,0.171247
1219,0.171243
1220,0.171238
1221,0.171234
1222,0.17123
1223,0.171225
1224,0.171221
1225,0.171217
1226,0.171213
1227,0.171208
1228,0.171204
1229,0.1712
1230,0.171196
1231,0.171191
1232,0.171187
1233,0.171183
1234,0.171179
1235,0.171174
1236,0.17117
1237,0.171166
1238,0.171162
1239,0.171158
1240,0.171154
1241,0.171149
1242,0.171145
1243,0.171141
1244,0.171137
1245,0.171133
1246,0.171129
1247,0.171125
1248,0.17112
1249,0.171116
1250,0.171112
1251,0.171108
1252,0.171104
1253,0.1711
1254,0.171096
1255,0.171092
1256,0.171088
1257,0.171084
1258,0.17108
1259,0.171076
1260,0.171072
1261,0.171068
1262,0.171064
1263,0.171059
1264,0.171055
1265,0.171051
1266,0.171047
1267,0.171044
1268,0.17104
1269,0.171036
1270,0.171032
1271,0.171028
1272,0.171024
1273,0.17102
1274,0.171016
1275,0.171012
1276,0.171008
1277,0.171004
1278,0.171
1279,0.170996
1280,0.170992
1281,0.170988
1282,0.170985
1283,0.170981
1284,0.170977
1285,0.170973
1286,0.170969
1287,0.170965
1288,0.170961
1289,0.170958
1290,0.170954
1291,0.17095
1292,0.170946
1293,0.170942
1294,0.170938
1295,0.170935
1296,0.170931
1297,0.170927
1298,0.170923
1299,0.170919
1300,0.170916
1301,0.170912
1302,0.170908
1303,0.170904
1304,0.170901
1305,0.170897
1306,0.170893
1307,0.170889
1308,0.170886
1309,0.170882
1310,0.170878
1311,0.170875
1312,0.170871
1313,0.170867
1314,0.170864
1315,0.17086
1316,0.170856
1317,0.170853
1318,0.170849
1319,0.170845
1320,0.170842
1321,0.170838
1322,0.170834
1323,0.170831
1324,0.170827
1325,0.170823
1326,0.17082
1327,0.170816
1328,0.170813
1329,0.170809
1330,0.170805
1331,0.170802
1332,0.170798
1333,0.170795
1334,0.170791
1335,0.170788
1336,0.170784
1337,0.17078
1338,0.170777
1339,0.170773
1340,0.17077
1341,0.170766
1342,0.170763
1343,0.170759
1344,0.170756
1345,0.170752
1346,0.170749
1347,0.170745
1348,0.170742
1349,0.170738
1350,0.170735
1351,0.170731
1352,0.170728
1353,0.170724
1354,0.170721
1355,0.170717
1356,0.170714
1357,0.170711
1358,0.170707
1359,0.170704
1360,0.1707
1361,0.170697
1362,0.170693
1363,0.17069
1364,0.170687
1365,0.170683
1366,0.17068
1367,0.170677
1368,0.170673
1369,0.17067
1370,0.170666
1371,0.170663
1372,0.17066
1373,0.170656
1374,0.170653
1375,0.17065
1376,0.170646
1377,0.170643
1378,0.17064
1379,0.170636
1380,0.170633
1381,0.17063
1382,0.170626
1383,0.170623
1384,0.17062
1385,0.170616
1386,0.170613
1387,0.17061
1388,0.170607
1389,0.170603
1390,0.1706
1391,0.170597
1392,0.170594
1393,0.17059
1394,0.170587
1395,0.170584
1396,0.170581
1397,0.170577
1398,0.170574
1399,0.170571
1400,0.170568
1401,0.170564
1402,0.170561
1403,0.170558
1404,0.170555
1405,0.170552
1406,0.170549
1407,0.170545
1408,0.170542
1409,0.170539
1410,0.170536
1411,0.170533
1412,0.170529
1413,0.170526
1414,0.170523
1415,0.17052
1416,0.170517
1417,0.170514
1418,0.170511
1419,0.170508
1420,0.170504
1421,0.170501
1422,0.170498
1423,0.170495
1424,0.170492
1425,0.170489
1426,0.170486
1427,0.170483
1428,0.17048
1429,0.170477
1430,0.170473
1431,0.17047
1432,0.170467
1433,0.170464
1434,0.170461
1435,0.170458
1436,0.170455
1437,0.170452
1438,0.170449
1439,0.170446
1440,0.170443
1441,0.17044
1442,0.170437
1443,0.170434
1444,0.170431
1445,0.170428
1446,0.170425
1447,0.170422
1448,0.170419
1449,0.170416
1450,0.170413
1451,0.17041
1452,0.170407
1453,0.170404
1454,0.170401
1455,0.170398
1456,0.170395
1457,0.170392
1458,0.170389
1459,0.170386
1460,0.170383
1461,0.17038
1462,0.170378
1463,0.170375
1464,0.170372
1465,0.170369
1466,0.170366
1467,0.170363
1468,0.17036
1469,0.170357
1470,0.170354
1471,0.170351
1472,0.170348
1473,0.170346
1474,0.170343
1475,0.17034
1476,0.170337
1477,0.170334
1478,0.170331
1479,0.170328
1480,0.170326
1481,0.170323
1482,0.17032
1483,0.170317
1484,0.170314
1485,0.170311
1486,0.170308
1487,0.170306
1488,0.170303
1489,0.1703
1490,0.170297
1491,0.170294
1492,0.170292
1493,0.170289
1494,0.170286
1495,0.170283
1496,0.17028
1497,0.170278
1498,0.170275
1499,0.170272
1500,0.170269
1501,0.170267
1502,0.170264
1503,0.170261
1504,0.170258
1505,0.170255
1506,0.170253
1507,0.17025
1508,0.170247
1509,0.170245
1510,0.170242
1511,0.170239
1512,0.170236
1513,0.170234
1514,0.170231
1515,0.170228
1516,0.170225
1517,0.170223
1518,0.17022
1519,0.170217
1520,0.170215
1521,0.170212
1522,0.170209
1523,0.170207
1524,0.170204
1525,0.170201
1526,0.170199
1527,0.170196
1528,0.170193
1529,0.170191
1530,0.170188
1531,0.170185
1532,0.170183
1533,0.17018
1534,0.170177
1535,0.170175
1536,0.170172
1537,0.170169
1538,0.170167
1539,0.170164
1540,0.170162
1541,0.170159
1542,0.170156
1543,0.170154
1544,0.170151
1545,0.170149
1546,0.170146
1547,0.170143
1548,0.170141
1549,0.170138
1550,0.170136
1551,0.170133
1552,0.17013
1553,0.170128
1554,0.170125
1555,0.170123
1556,0.17012
1557,0.170118
1558,0.170115
1559,0.170112
1560,0.17011
1561,0.170107
1562,0.170105
1563,0.170102
1564,0.1701
1565,0.170097
1566,0.170095
1567,0.170092
1568,0.17009
1569,0.170087
1570,0.170085
1571,0.170082
1572,0.17008
1573,0.170077
1574,0.170075
1575,0.170072
1576,0.17007
1577,0.170067
1578,0.170065
1579,0.170062
1580,0.17006
1581,0.170057
1582,0.170055
1583,0.170052
1584,0.17005
1585,0.170047
1586,0.170045
1587,0.170042
1588,0.17004
1589,0.170038
1590,0.170035
1591,0.170033
1592,0.17003
1593,0.170028
1594,0.170025
1595,0.170023
1596,0.17002
1597,0.170018
1598,0.170016
1599,0.170013
1600,0.170011
1601,0.170008
1602,0.170006
1603,0.170004
1604,0.170001
1605,0.169999
1606,0.169996
1607,0.169994
1608,0.169992
1609,0.169989
1610,0.169987
1611,0.169984
1612,0.169982
1613,0.16998
1614,0.169977
1615,0.169975
1616,0.169973
1617,0.16997
1618,0.169968
1619,0.169966
1620,0.169963
1621,0.169961
1622,0.169959
1623,0.169956
1624,0.169954
1625,0.169952
1626,0.169949
1627,0.169947
1628,0.169945
1629,0.169942
1630,0.16994
1631,0.169938
1632,0.169935
1633,0.169933
1634,0.169931
1635,0.169928
1636,0.169926
1637,0.169924
1638,0.169921
1639,0.169919
1640,0.169917
1641,0.169915
1642,0.169912
1643,0.16991
1644,0.169908
1645,0.169905
1646,0.169903
1647,0.169901
1648,0.169899
1649,0.169896
1650,0.169894
1651,0.169892
1652,0.16989
1653,0.169887
1654,0.169885
1655,0.169883
1656,0.169881
1657,0.169878
1658,0.169876
1659,0.169874
1660,0.169872
1661,0.16987
1662,0.169867
1663,0.169865
1664,0.169863
1665,0.169861
1666,0.169858
1667,0.169856
1668,0.169854
1669,0.169852
1670,0.16985
1671,0.169847
1672,0.169845
1673,0.169843
1674,0.169841
1675,0.169839
1676,0.169836
1677,0.169834
1678,0.169832
1679,0.16983
1680,0.169828
1681,0.169826
1682,0.169823
1683,0.169821
1684,0.169819
1685,0.169817
1686,0.169815
1687,0.169813
1688,0.16981
1689,0.169808
1690,0.169806
1691,0.169804
1692,0.169802
1693,0.1698
1694,0.169798
1695,0.169796
1696,0.169793
1697,0.169791
1698,0.169789
1699,0.169787
1700,0.169785
1701,0.169783
1702,0.169781
1703,0.169779
1704,0.169776
1705,0.169774
1706,0.169772
1707,0.16977
1708,0.169768
1709,0.169766
1710,0.169764
1711,0.169762
1712,0.16976
1713,0.169758
1714,0.169756
1715,0.169753
1716,0.169751
1717,0.169749
1718,0.169747
1719,0.169745
1720,0.169743
1721,0.169741
1722,0.169739
1723,0.169737
1724,0.169735
1725,0.169733
1726,0.169731
1727,0.169729
1728,0.169727
1729,0.169725
1730,0.169723
1731,0.169721
1732,0.169719
1733,0.169716
1734,0.169714
1735,0.169712
1736,0.16971
1737,0.169708
1738,0.169706
1739,0.169704
1740,0.169702
1741,0.1697
1742,0.169698
1743,0.169696
1744,0.169694
1745,0.169692
1746,0.16969
1747,0.169688
1748,0.169686
1749,0.169684
1750,0.169682
1751,0.16968
1752,0.169678
1753,0.169676
1754,0.169674
1755,0.169672
1756,0.16967
1757,0.169668
1758,0.169667
1759,0.169665
1760,0.169663
1761,0.169661
1762,0.169659
1763,0.169657
1764,0.169655
1765,0.169653
1766,0.169651
1767,0.169649
1768,0.169647
1769,0.169645
1770,0.169643
1771,0.169641
1772,0.169639
1773,0.169637
1774,0.169635
1775,0.169633
1776,0.169631
1777,0.16963
1778,0.169628
1779,0.169626
1780,0.169624
1781,0.169622
1782,0.16962
1783,0.169618
1784,0.169616
1785,0.169614
1786,0.169612
1787,0.16961
1788,0.169609
1789,0.169607
1790,0.169605
1791,0.169603
1792,0.169601
1793,0.169599
1794,0.169597
1795,0.169595
1796,0.169593
1797,0.169592
1798,0.16959
1799,0.169588
1800,0.169586
1801,0.169584
1802,0.169582
1803,0.16958
1804,0.169578
1805,0.169577
1806,0.169575
1807,0.169573
1808,0.169571
1809,0.169569
1810,0.169567
1811,0.169565
1812,0.169564
1813,0.169562
1814,0.16956
1815,0.169558
1816,0.169556
1817,0.169554
1818,0.169553
1819,0.169551
1820,0.169549
1821,0.169547
1822,0.169545
1823,0.169543
1824,0.169542
1825,0.16954
1826,0.169538
1827,0.169536
1828,0.169534
1829,0.169533
1830,0.169531
1831,0.169529
1832,0.169527
1833,0.169525
1834,0.169524
1835,0.169522
1836,0.16952
1837,0.169518
1838,0.169516
1839,0.169515
1840,0.169513
1841,0.169511
1842,0.169509
1843,0.169507
1844,0.169506
1845,0.169504
1846,0.169502
1847,0.1695
1848,0.169499
1849,0.169497
1850,0.169495
1851,0.169493
1852,0.169492
1853,0.16949
1854,0.169488
1855,0.169486
1856,0.169485
1857,0.169483
1858,0.169481
1859,0.169479
1860,0.169478
1861,0.169476
1862,0.169474
1863,0.169472
1864,0.169471
1865,0.169469
1866,0.169467
1867,0.169465
1868,0.169464
1869,0.169462
1870,0.16946
1871,0.169458
1872,0.169457
1873,0.169455
1874,0.169453
1875,0.169452
1876,0.16945
1877,0.169448
1878,0.169446
1879,0.169445
1880,0.169443
1881,0.169441
1882,0.16944
1883,0.169438
1884,0.169436
1885,0.169435
1886,0.169433
1887,0.169431
1888,0.169429
1889,0.169428
1890,0.169426
1891,0.169424
1892,0.169423
1893,0.169421
1894,0.169419
1895,0.169418
1896,0.169416
1897,0.169414
1898,0.169413
1899,0.169411
1900,0.169409
1901,0.169408
1902,0.169406
1903,0.169404
1904,0.169403
1905,0.169401
1906,0.169399
1907,0.169398
1908,0.169396
1909,0.169394
1910,0.169393
1911,0.169391
1912,0.16939
1913,0.169388
1914,0.169386
1915,0.169385
1916,0.169383
1917,0.169381
1918,0.16938
1919,0.169378
1920,0.169376
1921,0.169375
1922,0.169373
1923,0.169372
1924,0.16937
1925,0.169368
1926,0.169367
1927,0.169365
1928,0.169363
1929,0.169362
1930,0.16936
1931,0.169359
1932,0.169357
1933,0.169355
1934,0.169354
1935,0.169352
1936,0.169351
1937,0.169349
1938,0.169347
1939,0.169346
1940,0.169344
1941,0.169343
1942,0.169341
1943,0.169339
1944,0.169338
1945,0.169336
1946,0.169335
1947,0.169333
1948,0.169332
1949,0.16933
1950,0.169328
1951,0.169327
1952,0.169325
1953,0.169324
1954,0.169322
1955,0.169321
1956,0.169319
1957,0.169317
1958,0.169316
1959,0.169314
1960,0.169313
1961,0.169311
1962,0.16931
1963,0.169308
1964,0.169307
1965,0.169305
1966,0.169303
1967,0.169302
1968,0.1693
1969,0.169299
1970,0.169297
1971,0.169296
1972,0.169294
1973,0.169293
1974,0.169291
1975,0.16929
1976,0.169288
1977,0.169287
1978,0.169285
1979,0.169283
1980,0.169282
1981,0.16928
1982,0.169279
1983,0.169277
1984,0.169276
1985,0.169274
1986,0.169273
1987,0.169271
1988,0.16927
1989,0.169268
1990,0.169267
1991,0.169265
1992,0.169264
1993,0.169262
1994,0.169261
1995,0.169259
1996,0.169258
1997,0.169256
1998,0.169255
1999,0.169253
2000,0.169252
2001,0.16925
2002,0.169249
2003,0.169247
2004,0.169246
2005,0.169244
2006,0.169243
2007,0.169241
2008,0.16924
2009,0.169238
2010,0.169237
2011,0.169235
2012,0.169234
2013,0.169233
2014,0.169231
2015,0.16923
2016,0.169228
2017,0.169227
2018,0.169225
2019,0.169224
2020,0.169222
2021,0.169221
2022,0.169219
2023,0.169218
2024,0.169216
2025,0.169215
2026,0.169214
2027,0.169212
2028,0.169211
2029,0.169209
2030,0.169208
2031,0.169206
2032,0.169205
2033,0.169203
2034,0.169202
2035,0.169201
2036,0.169199
2037,0.169198
2038,0.169196
2039,0.169195
2040,0.169193
2041,0.169192
2042,0.169191
2043,0.169189
2044,0.169188
2045,0.169186
2046,0.169185
2047,0.169183
2048,0.169182
2049,0.169181
2050,0.169179
2051,0.169178
2052,0.169176
2053,0.169175
2054,0.169174
2055,0.169172
2056,0.169171
2057,0.169169
2058,0.169168
2059,0.169167
2060,0.169165
2061,0.169164
2062,0.169162
2063,0.169161
2064,0.16916
2065,0.169158
2066,0.169157
2067,0.169155
2068,0.169154
2069,0.169153
2070,0.169151
2071,0.16915
2072,0.169148
2073,0.169147
2074,0.169146
2075,0.169144
2076,0.169143
2077,0.169142
2078,0.16914
2079,0.169139
2080,0.169137
2081,0.169136
2082,0.169135
2083,0.169133
2084,0.169132
2085,0.169131
2086,0.169129
2087,0.169128
2088,0.169127
2089,0.169125
2090,0.169124
2091,0.169122
2092,0.169121
2093,0.16912
2094,0.169118
2095,0.169117
2096,0.169116
2097,0.169114
2098,0.169113
2099,0.169112
2100,0.16911
2101,0.169109
2102,0.169108
2103,0.169106
2104,0.169105
2105,0.169104
2106,0.169102
2107,0.169101
2108,0.1691
2109,0.169098
2110,0.169097
2111,0.169096
2112,0.169094
2113,0.169093
2114,0.169092
2115,0.16909
2116,0.169089
2117,0.169088
2118,0.169086
2119,0.169085
2120,0.169084
2121,0.169082
2122,0.169081
2123,0.16908
2124,0.169079
2125,0.169077
2126,0.169076
2127,0.169075
2128,0.169073
2129,0.169072
2130,0.169071
2131,0.169069
2132,0.169068
2133,0.169067
2134,0.169066
2135,0.169064
2136,0.169063
2137,0.169062
2138,0.16906
2139,0.169059
2140,0.169058
2141,0.169056
2142,0.169055
2143,0.169054
2144,0.169053
2145,0.169051
2146,0.16905
2147,0.169049
2148,0.169047
2149,0.169046
2150,0.169045
2151,0.169044
2152,0.169042
2153,0.169041
2154,0.16904
2155,0.169039
2156,0.169037
2157,0.169036
2158,0.169035
2159,0.169034
2160,0.169032
2161,0.169031
2162,0.16903
2163,0.169028
2164,0.169027
2165,0.169026
2166,0.169025
2167,0.169023
2168,0.169022
2169,0.169021
2170,0.16902
2171,0.169018
2172,0.169017
2173,0.169016
2174,0.169015
2175,0.169013
2176,0.169012
2177,0.169011
2178,0.16901
2179,0.169008
2180,0.169007
2181,0.169006
2182,0.169005
2183,0.169004
2184,0.169002
2185,0.169001
2186,0.169
2187,0.168999
2188,0.168997
2189,0.168996
2190,0.168995
2191,0.168994
2192,0.168992
2193,0.168991
2194,0.16899
2195,0.168989
2196,0.168988
2197,0.168986
2198,0.168985
2199,0.168984
2200,0.168983
2201,0.168982
2202,0.16898
2203,0.168979
2204,0.168978
2205,0.168977
2206,0.168975
2207,0.168974
2208,0.168973
2209,0.168972
2210,0.168971
2211,0.168969
2212,0.168968
2213,0.168967
2214,0.168966
2215,0.168965
2216,0.168963
2217,0.168962
2218,0.168961
2219,0.16896
2220,0.168959
2221,0.168957
2222,0.168956
2223,0.168955
2224,0.168954
2225,0.168953
2226,0.168952
2227,0.16895
2228,0.168949
2229,0.168948
2230,0.168947
2231,0.168946
2232,0.168944
2233,0.168943
2234,0.168942
2235,0.168941
2236,0.16894
2237,0.168939
2238,0.168937
2239,0.168936
2240,0.168935
2241,0.168934
2242,0.168933
2243,0.168932
2244,0.16893
2245,0.168929
2246,0.168928
2247,0.168927
2248,0.168926
2249,0.168925
2250,0.168923
2251,0.168922
2252,0.168921
2253,0.16892
2254,0.168919
2255,0.168918
2256,0.168917
2257,0.168915
2258,0.168914
2259,0.168913
2260,0.168912
2261,0.168911
2262,0.16891
2263,0.168909
2264,0.168907
2265,0.168906
2266,0.168905
2267,0.168904
2268,0.168903
2269,0.168902
2270,0.168901
2271,0.168899
2272,0.168898
2273,0.168897
2274,0.168896
2275,0.168895
2276,0.168894
2277,0.168893
2278,0.168892
2279,0.16889
2280,0.168889
2281,0.168888
2282,0.168887
2283,0.168886
2284,0.168885
2285,0.168884
2286,0.168883
2287,0.168881
2288,0.16888
2289,0.168879
2290,0.168878
2291,0.168877
2292,0.168876
2293,0.168875
2294,0.168874
2295,0.168873
2296,0.168871
2297,0.16887
2298,0.168869
2299,0.168868
2300,0.168867
2301,0.168866
2302,0.168865
2303,0.168864
2304,0.168863
2305,0.168862
2306,0.16886
2307,0.168859
2308,0.168858
2309,0.168857
2310,0.168856
2311,0.168855
2312,0.168854
2313,0.168853
2314,0.168852
2315,0.168851
2316,0.16885
2317,0.168848
2318,0.168847
2319,0.168846
2320,0.168845
2321,0.168844
2322,0.168843
2323,0.168842
2324,0.168841
2325,0.16884
2326,0.168839
2327,0.168838
2328,0.168837
2329,0.168835
2330,0.168834
2331,0.168833
2332,0.168832
2333,0.168831
2334,0.16883
2335,0.168829
2336,0.168828
2337,0.168827
2338,0.168826
2339,0.168825
2340,0.168824
2341,0.168823
2342,0.168822
2343,0.168821
2344,0.168819
2345,0.168818
2346,0.168817
2347,0.168816
2348,0.168815
2349,0.168814
2350,0.168813
2351,0.168812
2352,0.168811
2353,0.16881
2354,0.168809
2355,0.168808
2356,0.168807
2357,0.168806
2358,0.168805
2359,0.168804
2360,0.168803
2361,0.168802
2362,0.168801
2363,0.1688
2364,0.168799
2365,0.168797
2366,0.168796
2367,0.168795
2368,0.168794
2369,0.168793
2370,0.168792
2371,0.168791
2372,0.16879
2373,0.168789
2374,0.168788
2375,0.168787
2376,0.168786
2377,0.168785
2378,0.168784
2379,0.168783
2380,0.168782
2381,0.168781
2382,0.16878
2383,0.168779
2384,0.168778
2385,0.168777
2386,0.168776
2387,0.168775
2388,0.168774
2389,0.168773
2390,0.168772
2391,0.168771
2392,0.16877
2393,0.168769
2394,0.168768
2395,0.168767
2396,0.168766
2397,0.168765
2398,0.168764
2399,0.168763
2400,0.168762
2401,0.168761
2402,0.16876
2403,0.168759
2404,0.168758
2405,0.168757
2406,0.168756
2407,0.168755
2408,0.168754
2409,0.168753
2410,0.168752
2411,0.168751
2412,0.16875
2413,0.168749
2414,0.168748
2415,0.168747
2416,0.168746
2417,0.168745
2418,0.168744
2419,0.168743
2420,0.168742
2421,0.168741
2422,0.16874
2423,0.168739
2424,0.168738
2425,0.168737
2426,0.168736
2427,0.168735
2428,0.168734
2429,0.168733
2430,0.168732
2431,0.168731
2432,0.16873
2433,0.168729
2434,0.168728
2435,0.168727
2436,0.168726
2437,0.168725
2438,0.168724
2439,0.168723
2440,0.168722
2441,0.168721
2442,0.16872
2443,0.168719
2444,0.168718
2445,0.168717
2446,0.168716
2447,0.168715
2448,0.168714
2449,0.168713
2450,0.168713
2451,0.168712
2452,0.168711
2453,0.16871
2454,0.168709
2455,0.168708
2456,0.168707
2457,0.168706
2458,0.168705
2459,0.168704
2460,0.168703
2461,0.168702
2462,0.168701
2463,0.1687
2464,0.168699
2465,0.168698
2466,0.168697
2467,0.168696
2468,0.168695
2469,0.168694
2470,0.168693
2471,0.168692
2472,0.168692
2473,0.168691
2474,0.16869
2475,0.168689
2476,0.168688
2477,0.168687
2478,0.168686
2479,0.168685
2480,0.168684
2481,0.168683
2482,0.168682
2483,0.168681
2484,0.16868
2485,0.168679
2486,0.168678
2487,0.168677
2488,0.168677
2489,0.168676
2490,0.168675
2491,0.168674
2492,0.168673
2493,0.168672
2494,0.168671
2495,0.16867
2496,0.168669
2497,0.168668
2498,0.168667
2499,0.168666
2500,0.168665
2501,0.168665
2502,0.168664
2503,0.168663
2504,0.168662
2505,0.168661
2506,0.16866
2507,0.168659
2508,0.168658
2509,0.168657
2510,0.168656
2511,0.168655
2512,0.168654
2513,0.168654
2514,0.168653
2515,0.168652
2516,0.168651
2517,0.16865
2518,0.168649
2519,0.168648
2520,0.168647
2521,0.168646
2522,0.168645
2523,0.168644
2524,0.168644
2525,0.168643
2526,0.168642
2527,0.168641
2528,0.16864
2529,0.168639
2530,0.168638
2531,0.168637
2532,0.168636
2533,0.168635
2534,0.168635
2535,0.168634
2536,0.168633
2537,0.168632
2538,0.168631
2539,0.16863
2540,0.168629
2541,0.168628
2542,0.168627
2543,0.168627
2544,0.168626
2545,0.168625
2546,0.168624
2547,0.168623
2548,0.168622
2549,0.168621
2550,0.16862
2551,0.168619
2552,0.168619
2553,0.168618
2554,0.168617
2555,0.168616
2556,0.168615
2557,0.168614
2558,0.168613
2559,0.168612
2560,0.168612
2561,0.168611
2562,0.16861
2563,0.168609
2564,0.168608
2565,0.168607
2566,0.168606
2567,0.168605
2568,0.168605
2569,0.168604
2570,0.168603
2571,0.168602
2572,0.168601
2573,0.1686
2574,0.168599
2575,0.168599
2576,0.168598
2577,0.168597
2578,0.168596
2579,0.168595
2580,0.168594
2581,0.168593
2582,0.168593
2583,0.168592
2584,0.168591
2585,0.16859
2586,0.168589
2587,0.168588
2588,0.168587
2589,0.168587
2590,0.168586
2591,0.168585
2592,0.168584
2593,0.168583
2594,0.168582
2595,0.168581
2596,0.168581
2597,0.16858
2598,0.168579
2599,0.168578
2600,0.168577
2601,0.168576
2602,0.168575
2603,0.168575
2604,0.168574
2605,0.168573
2606,0.168572
2607,0.168571
2608,0.16857
2609,0.16857
2610,0.168569
2611,0.168568
2612,0.168567
2613,0.168566
2614,0.168565
2615,0.168565
2616,0.168564
2617,0.168563
2618,0.168562
2619,0.168561
2620,0.16856
2621,0.16856
2622,0.168559
2623,0.168558
2624,0.168557
2625,0.168556
2626,0.168555
2627,0.168555
2628,0.168554
2629,0.168553
2630,0.168552
2631,0.168551
2632,0.16855
2633,0.16855
2634,0.168549
2635,0.168548
2636,0.168547
2637,0.168546
2638,0.168546
2639,0.168545
2640,0.168544
2641,0.168543
2642,0.168542
2643,0.168541
2644,0.168541
2645,0.16854
2646,0.168539
2647,0.168538
2648,0.168537
2649,0.168537
2650,0.168536
2651,0.168535
2652,0.168534
2653,0.168533
2654,0.168532
2655,0.168532
2656,0.168531
2657,0.16853
2658,0.168529
2659,0.168528
2660,0.168528
2661,0.168527
2662,0.168526
2663,0.168525
2664,0.168524
2665,0.168524
2666,0.168523
2667,0.168522
2668,0.168521
2669,0.16852
2670,0.16852
2671,0.168519
2672,0.168518
2673,0.168517
2674,0.168516
2675,0.168516
2676,0.168515
2677,0.168514
2678,0.168513
2679,0.168512
2680,0.168512
2681,0.168511
2682,0.16851
2683,0.168509
2684,0.168508
2685,0.168508
2686,0.168507
2687,0.168506
2688,0.168505
2689,0.168505
2690,0.168504
2691,0.168503
2692,0.168502
2693,0.168501
2694,0.168501
2695,0.1685
2696,0.168499
2697,0.168498
2698,0.168497
2699,0.168497
2700,0.168496
2701,0.168495
2702,0.168494
2703,0.168494
2704,0.168493
2705,0.168492
2706,0.168491
2707,0.16849
2708,0.16849
2709,0.168489
2710,0.168488
2711,0.168487
2712,0.168487
2713,0.168486
2714,0.168485
2715,0.168484
2716,0.168484
2717,0.168483
2718,0.168482
2719,0.168481
2720,0.16848
2721,0.16848
2722,0.168479
2723,0.168478
2724,0.168477
2725,0.168477
2726,0.168476
2727,0.168475
2728,0.168474
2729,0.168474
2730,0.168473
2731,0.168472
2732,0.168471
2733,0.168471
2734,0.16847
2735,0.168469
2736,0.168468
2737,0.168467
2738,0.168467
2739,0.168466
2740,0.168465
2741,0.168464
2742,0.168464
2743,0.168463
2744,0.168462
2745,0.168461
2746,0.168461
2747,0.16846
2748,0.168459
2749,0.168458
2750,0.168458
2751,0.168457
2752,0.168456
2753,0.168455
2754,0.168455
2755,0.168454
2756,0.168453
2757,0.168452
2758,0.168452
2759,0.168451
2760,0.16845
2761,0.168449
2762,0.168449
2763,0.168448
2764,0.168447
2765,0.168447
2766,0.168446
2767,0.168445
2768,0.168444
2769,0.168444
2770,0.168443
2771,0.168442
2772,0.168441
2773,0.168441
2774,0.16844
2775,0.168439
2776,0.168438
2777,0.168438
2778,0.168437
2779,0.168436
2780,0.168435
2781,0.168435
2782,0.168434
2783,0.168433
2784,0.168433
2785,0.168432
2786,0.168431
2787,0.16843
2788,0.16843
2789,0.168429
2790,0.168428
2791,0.168427
2792,0.168427
2793,0.168426
2794,0.168425
2795,0.168425
2796,0.168424
2797,0.168423
2798,0.168422
2799,0.168422
2800,0.168421
2801,0.16842
2802,0.168419
2803,0.168419
2804,0.168418
2805,0.168417
2806,0.168417
2807,0.168416
2808,0.168415
2809,0.168414
2810,0.168414
2811,0.168413
2812,0.168412
2813,0.168412
2814,0.168411
2815,0.16841
2816,0.168409
2817,0.168409
2818,0.168408
2819,0.168407
2820,0.168407
2821,0.168406
2822,0.168405
2823,0.168404
2824,0.168404
2825,0.168403
2826,0.168402
2827,0.168402
2828,0.168401
2829,0.1684
2830,0.1684
2831,0.168399
2832,0.168398
2833,0.168397
2834,0.168397
2835,0.168396
2836,0.168395
2837,0.168395
2838,0.168394
2839,0.168393
2840,0.168393
2841,0.168392
2842,0.168391
2843,0.16839
2844,0.16839
2845,0.168389
2846,0.168388
2847,0.168388
2848,0.168387
2849,0.168386
2850,0.168386
2851,0.168385
2852,0.168384
2853,0.168383
2854,0.168383
2855,0.168382
2856,0.168381
2857,0.168381
2858,0.16838
2859,0.168379
2860,0.168379
2861,0.168378
2862,0.168377
2863,0.168377
2864,0.168376
2865,0.168375
2866,0.168375
2867,0.168374
2868,0.168373
2869,0.168372
2870,0.168372
2871,0.168371
2872,0.16837
2873,0.16837
2874,0.168369
2875,0.168368
2876,0.168368
2877,0.168367
2878,0.168366
2879,0.168366
2880,0.168365
2881,0.168364
2882,0.168364
2883,0.168363
2884,0.168362
2885,0.168362
2886,0.168361
2887,0.16836
2888,0.16836
2889,0.168359
2890,0.168358
2891,0.168358
2892,0.168357
2893,0.168356
2894,0.168356
2895,0.168355
2896,0.168354
2897,0.168353
2898,0.168353
2899,0.168352
2900,0.168351
2901,0.168351
2902,0.16835
2903,0.168349
2904,0.168349
2905,0.168348
2906,0.168347
2907,0.168347
2908,0.168346
2909,0.168345
2910,0.168345
2911,0.168344
2912,0.168344
2913,0.168343
2914,0.168342
2915,0.168342
2916,0.168341
2917,0.16834
2918,0.16834
2919,0.168339
2920,0.168338
2921,0.168338
2922,0.168337
2923,0.168336
2924,0.168336
2925,0.168335
2926,0.168334
2927,0.168334
2928,0.168333
2929,0.168332
2930,0.168332
2931,0.168331
2932,0.16833
2933,0.16833
2934,0.168329
2935,0.168328
2936,0.168328
2937,0.168327
2938,0.168326
2939,0.168326
2940,0.168325
2941,0.168324
2942,0.168324
2943,0.168323
2944,0.168323
2945,0.168322
2946,0.168321
2947,0.168321
2948,0.16832
2949,0.168319
2950,0.168319
2951,0.168318
2952,0.168317
2953,0.168317
2954,0.168316
2955,0.168315
2956,0.168315
2957,0.168314
2958,0.168314
2959,0.168313
2960,0.168312
2961,0.168312
2962,0.168311
2963,0.16831
2964,0.16831
2965,0.168309
2966,0.168308
2967,0.168308
2968,0.168307
2969,0.168307
2970,0.168306
2971,0.168305
2972,0.168305
2973,0.168304
2974,0.168303
2975,0.168303
2976,0.168302
2977,0.168301
2978,0.168301
2979,0.1683
2980,0.1683
2981,0.168299
2982,0.168298
2983,0.168298
2984,0.168297
2985,0.168296
2986,0.168296
2987,0.168295
2988,0.168295
2989,0.168294
2990,0.168293
2991,0.168293
2992,0.168292
2993,0.168291
2994,0.168291
2995,0.16829
2996,0.16829
2997,0.168289
2998,0.168288
2999,0.168288
